Condition ID,Variant,Blacklist Reason
3,CA,FVS10 Error: Option/Activity Storage Area is full; request is ignored
2050,SO,FVS10 Error: Option/Activity Storage Area is full; request is ignored
2675,CA,FVS10 Error: Option/Activity Storage Area is full; request is ignored
2803,EC,FVS10 Error: Option/Activity Storage Area is full; request is ignored
3389,EC,FVS10 Error: Option/Activity Storage Area is full; request is ignored
3922,CA,FVS10 Error: Option/Activity Storage Area is full; request is ignored
3996,CA,FVS10 Error: Option/Activity Storage Area is full; request is ignored
4217,SO,FVS10 Error: Option/Activity Storage Area is full; request is ignored
4218,SO,FVS10 Error: Option/Activity Storage Area is full; request is ignored
4224,CA,FVS10 Error: Option/Activity Storage Area is full; request is ignored
4419,SO,FVS10 Error: Option/Activity Storage Area is full; request is ignored
4453,CA,FVS10 Error: Option/Activity Storage Area is full; request is ignored
4560,SO,FVS10 Error: Option/Activity Storage Area is full; request is ignored
4587,SO,FVS10 Error: Option/Activity Storage Area is full; request is ignored
4613,SO,FVS10 Error: Option/Activity Storage Area is full; request is ignored
4699,SO,FVS10 Error: Option/Activity Storage Area is full; request is ignored
4707,SO,FVS10 Error: Option/Activity Storage Area is full; request is ignored
4779,SO,FVS10 Error: Option/Activity Storage Area is full; request is ignored
4795,SO,FVS10 Error: Option/Activity Storage Area is full; request is ignored
4796,SO,FVS10 Error: Option/Activity Storage Area is full; request is ignored
4810,SO,FVS10 Error: Option/Activity Storage Area is full; request is ignored
4834,SO,FVS10 Error: Option/Activity Storage Area is full; request is ignored
4835,SO,FVS10 Error: Option/Activity Storage Area is full; request is ignored
4840,SO,FVS10 Error: Option/Activity Storage Area is full; request is ignored
4869,SO,FVS10 Error: Option/Activity Storage Area is full; request is ignored
4871,SO,FVS10 Error: Option/Activity Storage Area is full; request is ignored
4896,SO,FVS10 Error: Option/Activity Storage Area is full; request is ignored
4897,SO,FVS10 Error: Option/Activity Storage Area is full; request is ignored
4975,SO,FVS10 Error: Option/Activity Storage Area is full; request is ignored
5037,SO,FVS10 Error: Option/Activity Storage Area is full; request is ignored
5076,SO,FVS10 Error: Option/Activity Storage Area is full; request is ignored
5108,SO,FVS10 Error: Option/Activity Storage Area is full; request is ignored
5137,SO,FVS10 Error: Option/Activity Storage Area is full; request is ignored
5176,SO,FVS10 Error: Option/Activity Storage Area is full; request is ignored
5181,SO,FVS10 Error: Option/Activity Storage Area is full; request is ignored
5582,SO,FVS10 Error: Option/Activity Storage Area is full; request is ignored
5843,SO,FVS10 Error: Option/Activity Storage Area is full; request is ignored
6215,EC,FVS10 Error: Option/Activity Storage Area is full; request is ignored
6265,EC,FVS10 Error: Option/Activity Storage Area is full; request is ignored
6319,EC,FVS10 Error: Option/Activity Storage Area is full; request is ignored
6325,EC,FVS10 Error: Option/Activity Storage Area is full; request is ignored
6326,EC,FVS10 Error: Option/Activity Storage Area is full; request is ignored
6334,EC,FVS10 Error: Option/Activity Storage Area is full; request is ignored
6365,EC,FVS10 Error: Option/Activity Storage Area is full; request is ignored
6379,EC,FVS10 Error: Option/Activity Storage Area is full; request is ignored
6435,EC,FVS10 Error: Option/Activity Storage Area is full; request is ignored
6485,EC,FVS10 Error: Option/Activity Storage Area is full; request is ignored
6527,EC,FVS10 Error: Option/Activity Storage Area is full; request is ignored
6532,EC,FVS10 Error: Option/Activity Storage Area is full; request is ignored
6613,EC,FVS10 Error: Option/Activity Storage Area is full; request is ignored
6642,EC,FVS10 Error: Option/Activity Storage Area is full; request is ignored
6758,EC,FVS10 Error: Option/Activity Storage Area is full; request is ignored
6759,EC,FVS10 Error: Option/Activity Storage Area is full; request is ignored
6938,CA,FVS10 Error: Option/Activity Storage Area is full; request is ignored
7006,SO,FVS10 Error: Option/Activity Storage Area is full; request is ignored
7020,CA,FVS10 Error: Option/Activity Storage Area is full; request is ignored
7093,CA,FVS10 Error: Option/Activity Storage Area is full; request is ignored
7281,CA,FVS10 Error: Option/Activity Storage Area is full; request is ignored
7483,SO,FVS10 Error: Option/Activity Storage Area is full; request is ignored
7492,CA,FVS10 Error: Option/Activity Storage Area is full; request is ignored
7575,CA,FVS10 Error: Option/Activity Storage Area is full; request is ignored
7809,SO,FVS10 Error: Option/Activity Storage Area is full; request is ignored
7844,SO,FVS10 Error: Option/Activity Storage Area is full; request is ignored
7881,CA,FVS10 Error: Option/Activity Storage Area is full; request is ignored
7898,SO,FVS10 Error: Option/Activity Storage Area is full; request is ignored
7978,CA,FVS10 Error: Option/Activity Storage Area is full; request is ignored
7979,SO,FVS10 Error: Option/Activity Storage Area is full; request is ignored
8064,SO,FVS10 Error: Option/Activity Storage Area is full; request is ignored
8158,CA,FVS10 Error: Option/Activity Storage Area is full; request is ignored
8213,CA,FVS10 Error: Option/Activity Storage Area is full; request is ignored
8244,SO,FVS10 Error: Option/Activity Storage Area is full; request is ignored
8321,SO,FVS10 Error: Option/Activity Storage Area is full; request is ignored
8414,SO,FVS10 Error: Option/Activity Storage Area is full; request is ignored
8433,CA,FVS10 Error: Option/Activity Storage Area is full; request is ignored
8445,SO,FVS10 Error: Option/Activity Storage Area is full; request is ignored
8479,SO,FVS10 Error: Option/Activity Storage Area is full; request is ignored
8488,SO,FVS10 Error: Option/Activity Storage Area is full; request is ignored
8582,SO,FVS10 Error: Option/Activity Storage Area is full; request is ignored
8605,SO,FVS10 Error: Option/Activity Storage Area is full; request is ignored
8612,SO,FVS10 Error: Option/Activity Storage Area is full; request is ignored
8615,SO,FVS10 Error: Option/Activity Storage Area is full; request is ignored
8634,SO,FVS10 Error: Option/Activity Storage Area is full; request is ignored
8670,SO,FVS10 Error: Option/Activity Storage Area is full; request is ignored
8672,SO,FVS10 Error: Option/Activity Storage Area is full; request is ignored
8681,SO,FVS10 Error: Option/Activity Storage Area is full; request is ignored
8704,SO,FVS10 Error: Option/Activity Storage Area is full; request is ignored
8705,SO,FVS10 Error: Option/Activity Storage Area is full; request is ignored
8711,SO,FVS10 Error: Option/Activity Storage Area is full; request is ignored
8745,SO,FVS10 Error: Option/Activity Storage Area is full; request is ignored
8746,SO,FVS10 Error: Option/Activity Storage Area is full; request is ignored
8748,SO,FVS10 Error: Option/Activity Storage Area is full; request is ignored
8750,SO,FVS10 Error: Option/Activity Storage Area is full; request is ignored
8752,SO,FVS10 Error: Option/Activity Storage Area is full; request is ignored
8774,SO,FVS10 Error: Option/Activity Storage Area is full; request is ignored
8802,SO,FVS10 Error: Option/Activity Storage Area is full; request is ignored
8812,SO,FVS10 Error: Option/Activity Storage Area is full; request is ignored
8813,SO,FVS10 Error: Option/Activity Storage Area is full; request is ignored
8815,SO,FVS10 Error: Option/Activity Storage Area is full; request is ignored
8816,SO,FVS10 Error: Option/Activity Storage Area is full; request is ignored
8836,SO,FVS10 Error: Option/Activity Storage Area is full; request is ignored
8837,SO,FVS10 Error: Option/Activity Storage Area is full; request is ignored
8874,SO,FVS10 Error: Option/Activity Storage Area is full; request is ignored
8985,SO,FVS10 Error: Option/Activity Storage Area is full; request is ignored
9023,SO,FVS10 Error: Option/Activity Storage Area is full; request is ignored
9036,SO,FVS10 Error: Option/Activity Storage Area is full; request is ignored
9040,SO,FVS10 Error: Option/Activity Storage Area is full; request is ignored
9124,SO,FVS10 Error: Option/Activity Storage Area is full; request is ignored
9160,SO,FVS10 Error: Option/Activity Storage Area is full; request is ignored
9161,SO,FVS10 Error: Option/Activity Storage Area is full; request is ignored
9208,SO,FVS10 Error: Option/Activity Storage Area is full; request is ignored
9209,SO,FVS10 Error: Option/Activity Storage Area is full; request is ignored
9211,SO,FVS10 Error: Option/Activity Storage Area is full; request is ignored
9213,SO,FVS10 Error: Option/Activity Storage Area is full; request is ignored
9218,SO,FVS10 Error: Option/Activity Storage Area is full; request is ignored
9219,SO,FVS10 Error: Option/Activity Storage Area is full; request is ignored
9222,SO,FVS10 Error: Option/Activity Storage Area is full; request is ignored
9245,SO,FVS10 Error: Option/Activity Storage Area is full; request is ignored
9297,SO,FVS10 Error: Option/Activity Storage Area is full; request is ignored
9301,SO,FVS10 Error: Option/Activity Storage Area is full; request is ignored
9304,SO,FVS10 Error: Option/Activity Storage Area is full; request is ignored
9317,SO,FVS10 Error: Option/Activity Storage Area is full; request is ignored
9319,SO,FVS10 Error: Option/Activity Storage Area is full; request is ignored
9320,SO,FVS10 Error: Option/Activity Storage Area is full; request is ignored
9362,SO,FVS10 Error: Option/Activity Storage Area is full; request is ignored
9407,SO,FVS10 Error: Option/Activity Storage Area is full; request is ignored
9571,SO,FVS10 Error: Option/Activity Storage Area is full; request is ignored
9578,SO,FVS10 Error: Option/Activity Storage Area is full; request is ignored
9581,SO,FVS10 Error: Option/Activity Storage Area is full; request is ignored
9586,SO,FVS10 Error: Option/Activity Storage Area is full; request is ignored
9591,SO,FVS10 Error: Option/Activity Storage Area is full; request is ignored
9629,SO,FVS10 Error: Option/Activity Storage Area is full; request is ignored
9644,SO,FVS10 Error: Option/Activity Storage Area is full; request is ignored
9699,SO,FVS10 Error: Option/Activity Storage Area is full; request is ignored
9704,SO,FVS10 Error: Option/Activity Storage Area is full; request is ignored
9754,SO,FVS10 Error: Option/Activity Storage Area is full; request is ignored
9786,SO,FVS10 Error: Option/Activity Storage Area is full; request is ignored
9826,SO,FVS10 Error: Option/Activity Storage Area is full; request is ignored
9871,SO,FVS10 Error: Option/Activity Storage Area is full; request is ignored
9920,SO,FVS10 Error: Option/Activity Storage Area is full; request is ignored
9965,SO,FVS10 Error: Option/Activity Storage Area is full; request is ignored
10155,SO,FVS10 Error: Option/Activity Storage Area is full; request is ignored
10187,SO,FVS10 Error: Option/Activity Storage Area is full; request is ignored
10188,SO,FVS10 Error: Option/Activity Storage Area is full; request is ignored
10210,SO,FVS10 Error: Option/Activity Storage Area is full; request is ignored
10256,SO,FVS10 Error: Option/Activity Storage Area is full; request is ignored
10318,SO,FVS10 Error: Option/Activity Storage Area is full; request is ignored
10474,SO,FVS10 Error: Option/Activity Storage Area is full; request is ignored
10519,SO,FVS10 Error: Option/Activity Storage Area is full; request is ignored
10584,SO,FVS10 Error: Option/Activity Storage Area is full; request is ignored
10598,SO,FVS10 Error: Option/Activity Storage Area is full; request is ignored
10619,SO,FVS10 Error: Option/Activity Storage Area is full; request is ignored
10762,SO,FVS10 Error: Option/Activity Storage Area is full; request is ignored
10763,SO,FVS10 Error: Option/Activity Storage Area is full; request is ignored
10764,SO,FVS10 Error: Option/Activity Storage Area is full; request is ignored
10829,SO,FVS10 Error: Option/Activity Storage Area is full; request is ignored
11028,EC,FVS10 Error: Option/Activity Storage Area is full; request is ignored
11030,EC,FVS10 Error: Option/Activity Storage Area is full; request is ignored
11513,EC,FVS10 Error: Option/Activity Storage Area is full; request is ignored
11611,EC,FVS10 Error: Option/Activity Storage Area is full; request is ignored
11774,EC,FVS10 Error: Option/Activity Storage Area is full; request is ignored
11902,EC,FVS10 Error: Option/Activity Storage Area is full; request is ignored
11982,EC,FVS10 Error: Option/Activity Storage Area is full; request is ignored
12052,EC,FVS10 Error: Option/Activity Storage Area is full; request is ignored
12098,EC,FVS10 Error: Option/Activity Storage Area is full; request is ignored
12141,EC,FVS10 Error: Option/Activity Storage Area is full; request is ignored
12143,EC,FVS10 Error: Option/Activity Storage Area is full; request is ignored
12274,EC,FVS10 Error: Option/Activity Storage Area is full; request is ignored
12347,EC,FVS10 Error: Option/Activity Storage Area is full; request is ignored
12379,EC,FVS10 Error: Option/Activity Storage Area is full; request is ignored
12460,EC,FVS10 Error: Option/Activity Storage Area is full; request is ignored
12526,EC,FVS10 Error: Option/Activity Storage Area is full; request is ignored
12533,EC,FVS10 Error: Option/Activity Storage Area is full; request is ignored
12534,EC,FVS10 Error: Option/Activity Storage Area is full; request is ignored
12593,EC,FVS10 Error: Option/Activity Storage Area is full; request is ignored
12608,EC,FVS10 Error: Option/Activity Storage Area is full; request is ignored
12616,EC,FVS10 Error: Option/Activity Storage Area is full; request is ignored
12618,EC,FVS10 Error: Option/Activity Storage Area is full; request is ignored
12693,EC,FVS10 Error: Option/Activity Storage Area is full; request is ignored
12752,EC,FVS10 Error: Option/Activity Storage Area is full; request is ignored
12759,EC,FVS10 Error: Option/Activity Storage Area is full; request is ignored
12763,EC,FVS10 Error: Option/Activity Storage Area is full; request is ignored
12771,EC,FVS10 Error: Option/Activity Storage Area is full; request is ignored
12775,EC,FVS10 Error: Option/Activity Storage Area is full; request is ignored
12839,EC,FVS10 Error: Option/Activity Storage Area is full; request is ignored
12890,EC,FVS10 Error: Option/Activity Storage Area is full; request is ignored
12892,EC,FVS10 Error: Option/Activity Storage Area is full; request is ignored
13020,EC,FVS10 Error: Option/Activity Storage Area is full; request is ignored
13035,EC,FVS10 Error: Option/Activity Storage Area is full; request is ignored
13053,EC,FVS10 Error: Option/Activity Storage Area is full; request is ignored
13135,EC,FVS10 Error: Option/Activity Storage Area is full; request is ignored
13139,EC,FVS10 Error: Option/Activity Storage Area is full; request is ignored
13143,EC,FVS10 Error: Option/Activity Storage Area is full; request is ignored
13167,EC,FVS10 Error: Option/Activity Storage Area is full; request is ignored
13173,EC,FVS10 Error: Option/Activity Storage Area is full; request is ignored
13177,EC,FVS10 Error: Option/Activity Storage Area is full; request is ignored
13199,EC,FVS10 Error: Option/Activity Storage Area is full; request is ignored
13204,EC,FVS10 Error: Option/Activity Storage Area is full; request is ignored
13207,EC,FVS10 Error: Option/Activity Storage Area is full; request is ignored
13209,EC,FVS10 Error: Option/Activity Storage Area is full; request is ignored
13252,EC,FVS10 Error: Option/Activity Storage Area is full; request is ignored
13258,EC,FVS10 Error: Option/Activity Storage Area is full; request is ignored
13298,EC,FVS10 Error: Option/Activity Storage Area is full; request is ignored
13307,EC,FVS10 Error: Option/Activity Storage Area is full; request is ignored
13340,EC,FVS10 Error: Option/Activity Storage Area is full; request is ignored
13470,EC,FVS10 Error: Option/Activity Storage Area is full; request is ignored
13858,EC,FVS10 Error: Option/Activity Storage Area is full; request is ignored
13908,EC,FVS10 Error: Option/Activity Storage Area is full; request is ignored
13921,EC,FVS10 Error: Option/Activity Storage Area is full; request is ignored
13926,EC,FVS10 Error: Option/Activity Storage Area is full; request is ignored
13927,EC,FVS10 Error: Option/Activity Storage Area is full; request is ignored
13961,EC,FVS10 Error: Option/Activity Storage Area is full; request is ignored
14001,EC,FVS10 Error: Option/Activity Storage Area is full; request is ignored
14053,CA,FVS10 Error: Option/Activity Storage Area is full; request is ignored
14077,CA,FVS10 Error: Option/Activity Storage Area is full; request is ignored
14090,CA,FVS10 Error: Option/Activity Storage Area is full; request is ignored
14103,CA,FVS10 Error: Option/Activity Storage Area is full; request is ignored
29726,EC,FVS08 Error: Too few projectable tree records
30427,EC,FVS08 Error: Too few projectable tree records
30907,EC,FVS10 Error: Option/Activity Storage Area is full; request is ignored
30966,EC,FVS10 Error: Option/Activity Storage Area is full; request is ignored
30968,EC,FVS10 Error: Option/Activity Storage Area is full; request is ignored
31086,EC,FVS10 Error: Option/Activity Storage Area is full; request is ignored
31231,EC,FVS10 Error: Option/Activity Storage Area is full; request is ignored
31317,EC,FVS10 Error: Option/Activity Storage Area is full; request is ignored
31401,EC,FVS10 Error: Option/Activity Storage Area is full; request is ignored
31429,EC,FVS10 Error: Option/Activity Storage Area is full; request is ignored
31595,EC,FVS10 Error: Option/Activity Storage Area is full; request is ignored
31665,EC,FVS10 Error: Option/Activity Storage Area is full; request is ignored
31697,EC,FVS10 Error: Option/Activity Storage Area is full; request is ignored
31701,EC,FVS10 Error: Option/Activity Storage Area is full; request is ignored
31723,EC,FVS10 Error: Option/Activity Storage Area is full; request is ignored
31831,EC,FVS10 Error: Option/Activity Storage Area is full; request is ignored
31859,EC,FVS10 Error: Option/Activity Storage Area is full; request is ignored
31954,EC,FVS10 Error: Option/Activity Storage Area is full; request is ignored
31996,EC,FVS10 Error: Option/Activity Storage Area is full; request is ignored
32043,EC,FVS10 Error: Option/Activity Storage Area is full; request is ignored
32107,EC,FVS10 Error: Option/Activity Storage Area is full; request is ignored
32109,EC,FVS10 Error: Option/Activity Storage Area is full; request is ignored
32149,EC,FVS10 Error: Option/Activity Storage Area is full; request is ignored
32152,EC,FVS10 Error: Option/Activity Storage Area is full; request is ignored
32202,EC,FVS10 Error: Option/Activity Storage Area is full; request is ignored
32214,EC,FVS10 Error: Option/Activity Storage Area is full; request is ignored
32224,EC,FVS10 Error: Option/Activity Storage Area is full; request is ignored
32225,EC,FVS10 Error: Option/Activity Storage Area is full; request is ignored
32232,EC,FVS10 Error: Option/Activity Storage Area is full; request is ignored
32276,EC,FVS10 Error: Option/Activity Storage Area is full; request is ignored
32314,EC,FVS10 Error: Option/Activity Storage Area is full; request is ignored
32404,EC,FVS10 Error: Option/Activity Storage Area is full; request is ignored
32435,EC,FVS10 Error: Option/Activity Storage Area is full; request is ignored
32500,EC,FVS10 Error: Option/Activity Storage Area is full; request is ignored
32615,EC,FVS10 Error: Option/Activity Storage Area is full; request is ignored
32653,EC,FVS10 Error: Option/Activity Storage Area is full; request is ignored
32670,EC,FVS10 Error: Option/Activity Storage Area is full; request is ignored
32696,EC,FVS10 Error: Option/Activity Storage Area is full; request is ignored
32699,EC,FVS10 Error: Option/Activity Storage Area is full; request is ignored
32775,EC,FVS10 Error: Option/Activity Storage Area is full; request is ignored
32862,EC,FVS10 Error: Option/Activity Storage Area is full; request is ignored
32893,EC,FVS10 Error: Option/Activity Storage Area is full; request is ignored
32973,EC,FVS10 Error: Option/Activity Storage Area is full; request is ignored
32977,EC,FVS10 Error: Option/Activity Storage Area is full; request is ignored
33095,EC,FVS10 Error: Option/Activity Storage Area is full; request is ignored
33279,EC,FVS10 Error: Option/Activity Storage Area is full; request is ignored
33388,EC,FVS10 Error: Option/Activity Storage Area is full; request is ignored
33430,EC,FVS10 Error: Option/Activity Storage Area is full; request is ignored
33595,EC,FVS10 Error: Option/Activity Storage Area is full; request is ignored
33744,EC,FVS10 Error: Option/Activity Storage Area is full; request is ignored
33745,EC,FVS10 Error: Option/Activity Storage Area is full; request is ignored
33991,EC,FVS10 Error: Option/Activity Storage Area is full; request is ignored
34112,EC,FVS10 Error: Option/Activity Storage Area is full; request is ignored
34134,EC,FVS10 Error: Option/Activity Storage Area is full; request is ignored
34174,EC,FVS10 Error: Option/Activity Storage Area is full; request is ignored
34181,EC,FVS10 Error: Option/Activity Storage Area is full; request is ignored
34194,EC,FVS10 Error: Option/Activity Storage Area is full; request is ignored
34323,EC,FVS10 Error: Option/Activity Storage Area is full; request is ignored
34426,EC,FVS10 Error: Option/Activity Storage Area is full; request is ignored
34458,EC,FVS10 Error: Option/Activity Storage Area is full; request is ignored
34460,EC,FVS10 Error: Option/Activity Storage Area is full; request is ignored
34535,EC,FVS10 Error: Option/Activity Storage Area is full; request is ignored
34537,EC,FVS10 Error: Option/Activity Storage Area is full; request is ignored
34586,EC,FVS10 Error: Option/Activity Storage Area is full; request is ignored
34634,EC,FVS10 Error: Option/Activity Storage Area is full; request is ignored
34676,EC,FVS10 Error: Option/Activity Storage Area is full; request is ignored
34707,EC,FVS10 Error: Option/Activity Storage Area is full; request is ignored
34757,EC,FVS10 Error: Option/Activity Storage Area is full; request is ignored
34835,EC,FVS10 Error: Option/Activity Storage Area is full; request is ignored
34836,EC,FVS10 Error: Option/Activity Storage Area is full; request is ignored
34839,EC,FVS10 Error: Option/Activity Storage Area is full; request is ignored
34905,EC,FVS10 Error: Option/Activity Storage Area is full; request is ignored
34986,EC,FVS10 Error: Option/Activity Storage Area is full; request is ignored
35042,EC,FVS10 Error: Option/Activity Storage Area is full; request is ignored
35047,EC,FVS10 Error: Option/Activity Storage Area is full; request is ignored
35170,EC,FVS10 Error: Option/Activity Storage Area is full; request is ignored
35313,EC,FVS10 Error: Option/Activity Storage Area is full; request is ignored
35314,EC,FVS10 Error: Option/Activity Storage Area is full; request is ignored
35326,EC,FVS10 Error: Option/Activity Storage Area is full; request is ignored
35340,EC,FVS10 Error: Option/Activity Storage Area is full; request is ignored
35505,EC,FVS10 Error: Option/Activity Storage Area is full; request is ignored
36742,EC,FVS10 Error: Option/Activity Storage Area is full; request is ignored

